prompt,answer,llm_answer,lbhd_score
"Summarize the following article in a single, short sentence:

<article>
The ex-Reading defender denied fraudulent trading charges relating to the Sodje Sports Foundation - a charity to raise money for Nigerian sport.
Mr Sodje, 37, is jointly charged with elder brothers Efe, 44, Bright, 50 and Stephen, 42.
Appearing at the Old Bailey earlier, all four denied the offence.
The charge relates to offences which allegedly took place between 2008 and 2014.
Sam, from Kent, Efe and Bright, of Greater Manchester, and Stephen, from Bexley, are due to stand trial in July.
They were all released on bail.
</article>",Former Premier League footballer Sam Sodje has appeared in court alongside three brothers accused of charity fraud.,"([' Four', ' S', 'od', 'je', ' brothers', ',', ' including', ' ex', '-', 'Read', 'ing', ' def', 'ender', ' Sam', ' S', 'od', 'je', ',', ' denied', ' fraud', 'ulent', ' trading', ' charges', ' relating', ' to', ' a', ' charity', ' for', ' Niger', 'ian', ' sport', '.', '</s>'], array([        nan,         nan, -0.72267745, -0.69394   , -0.725337  ,
       -1.61580579, -0.74825763, -1.3555227 , -0.69440969, -0.72395127,
       -0.69314802, -0.81578665, -0.69323957, -1.11846131, -1.19651369,
       -0.69317078, -0.69316017, -0.69745178,         nan, -0.71683246,
       -0.7121094 , -0.694743  , -0.69531246,         nan, -0.69317734,
       -0.84526542, -1.41301541, -1.71382235, -0.70728473, -0.69318414,
       -0.79030844, -0.99988997, -0.70686697]), [-0.20849609999999996, -0.025878900000000038, 0.485450745, 0.49960374832, 0.484161377, 0.19873047, 0.4731903075, 0.2578125, 0.49936914445, 0.4848327635, 0.4999995827675, 0.44229126, 0.4999538064, 0.326782225, 0.30224609999999996, 0.49998819828, 0.4999935030935, 0.4978523255, -0.1015625, 0.488296509, 0.490608215, 0.49920272825, 0.49891853335, -0.01953125, 0.499984920025, 0.42944336, 0.24340820000000002, 0.18017578, 0.492980957, 0.49998152256, 0.45370483500000003, 0.36791992, 0.4931869505], ' Four Sodje brothers, including ex-Reading defender Sam Sodje, denied fraudulent trading charges relating to a charity for Nigerian sport.</s>')","{'avg': 0.38195502324744834, 'normalized_product': 0.0003661332835100374, 'min': -0.20849609999999996, 'concepts': [{'Four': {'avg': -0.20849609999999996, 'normalized_product': 1.0000000000000024e-30, 'min': -0.20849609999999996}}, {'Sodje,': {'avg': 0.45002003171837496, 'normalized_product': 0.4403990161396817, 'min': 0.30224609999999996}}, {'brothers,': {'avg': 0.3414459235, 'normalized_product': 0.31018964845245434, 'min': 0.19873047}}, {'including': {'avg': 0.4731903075, 'normalized_product': 0.4731903075, 'min': 0.4731903075}}, {'ex-Reading': {'avg': 0.435503497679375, 'normalized_product': 0.4203120288517954, 'min': 0.2578125}}, {'defender': {'avg': 0.47112253319999997, 'normalized_product': 0.4702395123492411, 'min': 0.44229126}}, {'Sam': {'avg': 0.326782225, 'normalized_product': 0.3267822249999999, 'min': 0.326782225}}, {'denied': {'avg': -0.1015625, 'normalized_product': 1.0000000000000024e-30, 'min': -0.1015625}}, {'fraudulent': {'avg': 0.489452362, 'normalized_product': 0.48945099721138724, 'min': 0.488296509}}, {'trading': {'avg': 0.49920272825, 'normalized_product': 0.49920272825, 'min': 0.49920272825}}, {'charges': {'avg': 0.49891853335, 'normalized_product': 0.49891853335, 'min': 0.49891853335}}, {'relating': {'avg': -0.01953125, 'normalized_product': 1.0000000000000024e-30, 'min': -0.01953125}}, {'to': {'avg': 0.499984920025, 'normalized_product': 0.499984920025, 'min': 0.499984920025}}, {'a': {'avg': 0.42944336, 'normalized_product': 0.42944336, 'min': 0.42944336}}, {'charity': {'avg': 0.24340820000000002, 'normalized_product': 0.2434082, 'min': 0.24340820000000002}}, {'for': {'avg': 0.18017578, 'normalized_product': 0.18017578, 'min': 0.18017578}}, {'Nigerian': {'avg': 0.49648123978, 'normalized_product': 0.4964689008124738, 'min': 0.492980957}}, {'sport': {'avg': 0.4108123775, 'normalized_product': 0.4085670649927784, 'min': 0.36791992}}]}"
"Summarize the following article in a single, short sentence:

<article>
Voges was forced to retire hurt on 86 after suffering the injury while batting during the County Championship draw with Somerset on 4 June.
Middlesex hope to have the Australian back for their T20 Blast game against Hampshire at Lord's on 3 August.
The 37-year-old has scored 230 runs in four first-class games this season at an average of 57.50.
""Losing Adam is naturally a blow as he contributes significantly to everything we do,"" director of cricket Angus Fraser said.
""His absence, however, does give opportunities to other players who are desperate to play in the first XI.
""In the past we have coped well without an overseas player and I expect us to do so now.""
Defending county champions Middlesex are sixth in the Division One table, having drawn all four of their matches this season.
Voges retired from international cricket in February with a Test batting average of 61.87 from 31 innings, second only to Australian great Sir Donald Bradman's career average of 99.94 from 52 Tests.
</article>",Middlesex batsman Adam Voges will be out until August after suffering a torn calf muscle in his right leg.,"([' M', 'idd', 'les', 'ex', ' hopes', ' to', ' have', ' Australian', ' cr', 'ick', 'eter', ' Adam', ' V', 'og', 'es', ' back', ' for', ' their', ' T', '2', '0', ' Bl', 'ast', ' game', ' against', ' Hampshire', ' in', ' August', ',', ' despite', ' his', ' retirement', ' from', ' international', ' cricket', ' in', ' February', '.', '</s>'], array([-1.74269032, -0.69327093, -0.69319105, -0.69324911, -1.11846131,
       -0.70622519, -0.7082602 ,         nan, -1.26288482, -0.69398104,
       -0.69315159, -0.84214352, -0.69317376, -0.69335153, -0.69316101,
       -0.72782987, -0.72760873, -0.75983645, -0.70122876, -0.69315874,
       -0.6931535 , -0.74629252, -0.69315982, -0.70664268, -0.96644749,
       -0.6935905 ,         nan, -0.71111464, -1.16824188, -1.35457618,
       -0.84654537, -0.96516482, -0.95432807, -0.7113477 , -0.69581913,
               nan, -0.69366659, -1.81048845, -0.70126722]), [0.17504883, 0.49993813038, 0.49997806549, 0.49994903803, 0.326782225, 0.4935035705, 0.492500305, -0.10009765000000004, 0.28283691499999997, 0.499583244325, 0.49999779462815, 0.430786135, 0.499986708164, 0.49989783764, 0.499993085861, 0.4829559325, 0.483062745, 0.46774292, 0.4959754945, 0.4999942183495, 0.49999684095385, 0.474121094, 0.4999936819075, 0.493297577, 0.38043213, 0.49977838993, -0.1557617, 0.4910964965, 0.31091308500000003, 0.25805664, 0.428894045, 0.38092041, 0.3850708, 0.4909820555, 0.49866580965, -0.14941404999999996, 0.499740362165, 0.16357422, 0.495956421], ' Middlesex hopes to have Australian cricketer Adam Voges back for their T20 Blast game against Hampshire in August, despite his retirement from international cricket in February.</s>')","{'avg': 0.41138135668352627, 'normalized_product': 0.011769950924973792, 'min': -0.14941404999999996, 'concepts': [{'Middlesex': {'avg': 0.41872851597500005, 'normalized_product': 0.38458119161694965, 'min': 0.17504883}}, {'T20 Blast': {'avg': 0.49401626594217, 'normalized_product': 0.493911628586105, 'min': 0.474121094}}, {'game': {'avg': 0.493297577, 'normalized_product': 0.493297577, 'min': 0.493297577}}, {'August,': {'avg': 0.40100479075, 'normalized_product': 0.390753537104281, 'min': 0.31091308500000003}}, {'Adam Voges': {'avg': 0.48266594166625, 'normalized_product': 0.4816885890453289, 'min': 0.430786135}}, {'retirement': {'avg': 0.38092041, 'normalized_product': 0.38092041, 'min': 0.38092041}}, {'international cricket': {'avg': 0.494823932575, 'normalized_product': 0.49480901793472676, 'min': 0.4909820555}}, {'February': {'avg': 0.33165729108249997, 'normalized_product': 0.28591019559235265, 'min': 0.16357422}}]}"
